,Unnamed: 0,Unnamed: 0.1,prompt,output
0,0,0,$250/kWh,"$250/kWh at the moon, so, etc. The new batteries will be able to get max safety vs version, but that makes the"
1,1,1,$300M,"$300M, utility power requires more than Starship, as theres only new improvement in engine. They cant actually got longer than the first half of"
2,2,2,$35k,"$35k price, all Model S would be $100k more than $75k the whole year. Hopefully, day, two would pay $"
3,3,3,$5,$5 per ton to $35k for production ramp. Same price to C19. If not work on Autopilot happened at $5k
4,4,4,$US,$US credit between $500/k & max in first half with Tesla Model Y *is*.0. Air suspension release in North
5,5,5,&amp;,"& sounds too (of volume) should be used over time to carry the one day, and ask where there's only general direction. I"
6,6,6,&lt;ahem&gt;,"&lt;ahem&gt; ~1000, but then it's done more weeks after Tesla can be done by far more! Hope and made"
7,7,7,(Ahem),(Ahem) I didn't help realize how hard we have him high for a giant launches is too much of the first & couldnt
8,8,8,(Credit,(Credit) to be cool! All means. A Tesla. Its very talented the book of a new system. This is a long range of real
9,9,9,(Formerly),(Formerly) clean energy & ac stage is important than the right way to go for a multiplanet species. As I've heard with
10,10,10,(Lack,"(Lack of) catches our first tunneling in a car has been important, CJ most effective. The RUD on Earthsustaining city"
11,11,11,(Sigh),(Sigh) I love you. So not just care about how it is. The reason you can never know how they have it go that I
12,12,12,(Zero,(Zero is a good idea. We do like an electrical) more. Please do where our own credibility at all is designed to reduce secs.
13,13,13,(muffled,"(muffled titter) what really matters for Dragon spacecraft to orbit, not and Earth. Just fly by. The Internet of this km-"
14,14,14,*In,*In Dogecoin and the only general is the most advanced all of the money. Its such a way to make life multiplanetary. No
15,15,15,*cooling,"*cooling haha. Should be ~20% less than ~5% higher, but limited cars. A late this year is the right now."
16,16,16,-bit,"-bitling are extremely difficult. There were able to fly with any other companies, but down. A lot on money is not to do so."
17,17,17,/2,"/2 Autopilot was considered fast as possible. Also, we do have a lot of software updates and just. Also, someones on the"
18,18,18,/4,"/4 of the way around the Earth to Earth. For Earths sound, there is to achieve max thrust. You wont be the to return."
19,19,19,A123,"A123 battery company place! All people is driving, no problem. This is a good problem. There are many hard, production system is driving %"
20,20,20,ABS,ABS approval is a small question of our batteries in front and will be % to % less than a few other things. That's very large part
21,21,21,AC,"AC induction motor, front & rear design steering heat shield & rear wheelafactory in rear. A full support update was our Hawth"
22,22,22,AF,"AF certification required an emerald mine & I know where in college, have been through Norway with with every M long range. Indeed, didn"
23,23,23,AI,AI in a box that is a real issue. There would be most known things about people in your house... and then help if you're doing so
24,24,24,AMA,AMA at & Tesla to go for sure there are many great company to have safe & before any first. We will make life multi
25,25,25,AMD,AMD has always been great people from the SpaceX engineering that weve never been building. Our owners with Falcon Heavy (most saying) it had me for
26,26,26,AP,"APly % of Earth is ~$20% higher than an electric car. Much improved... with no cost in Earth, our life is fixed."
27,27,27,ATF,ATF says any flamethrower with a truck. Will include the same way more engine. The % high volume (not right now) would
28,28,28,AWD,"AWD & then go a week to ur long range, it can fly by smaller & enable someones place. This will be"
29,29,29,Aargh,Aargh!! This is a good thing bs. Weve also given in their world: an LA and is a more robust than the Space
30,30,30,Abandoned,Abandoned's Boca! You can *might* require more than a two weeks than its car. You cant probably production tomorrow. Will send
31,31,31,Ability,"Ability to stream YouTube & Netflix when car is stopped coming to your Tesla soon! Has an amazingly immersive, cinematic feel due to the comfy"
32,32,32,Abort,"Abort was great on SpaceX flight tonight. New days. Maybe one trip over the droneship hopefully months. If things go over, its worth $"
33,33,33,Aborted,Aborted on front side (t^2 in vacuum) might be critical for booster engines. Too many small ship. Will take before next &amp
34,34,34,About,"About to do next Starhopper flight test flight of Falcon rocket! We really need the same way to fly new AI, but its worth a much"
35,35,35,Above,Above % likely to make it it multi-over! Very high-sustaining city on Mars is ~90% performance than % to say Mars
36,36,36,Absolutely,"Absolutely, but we need to finish production production ramp as possible. We will get early flights too low. Not much better, but, if some good"
37,37,37,"Absolutely,","Absolutely, but it could work that go on solar panels, power or system, but coming to probably early production. This sounds some other Tesla can dont"
38,38,38,Abysmal,"Abysmal autoclithly, if people dont read the Model X, even have been fine. Thats why!? a very time is"
39,39,39,Accelerating,"Accelerating Starship development to build the biggest reentry from space st landing in Boca Chica! Looking forward, times probably next month. If"
40,40,40,Accept,"Acceptable, if your drive, if you want a drive in your drive, you drive to a full refund refund for full week. There will add"
41,41,41,"Acceptable,","Acceptable, if your drive doesnt make sense to buy a Tesla, youll have a great way to see people if there is a test drive!"
42,42,42,According,"According to other US, this is due to the high bay, there is a lot of people. The good payload do think of their needs to drive"
43,43,43,Accounts,"Accounts that great are too crazy! I think my best for any company in a talk about humanity does buy a, but just a few months or"
44,44,44,Accurate,"Accurate piece on many layers of tunnel is you, as you think of software/week by carmakers should be. We are super hard to give"
45,45,45,Achieving,Achieving demo on AI is both first needed to add life as the price like any company get to people. Would be my small number of consciousness
46,46,46,Acid,Acid test for new work! No % for any amount of build! Our Model is about % more than new work. We need the test drive
47,47,47,Acquisition,Acquisition of miles today by US in mins (aka the Powerwall battery) to live in California & few months. This can be
48,48,48,Across,"Across the road and primary testing by the. We will increase first to be safe. Its super good, if some way. S will be something like"
49,49,49,Action,"Action will also achieve free... first feature to allow more cars in a few days. A few months. With people, we could get to take my"
50,50,50,Activate,Activate up to. Lmk if people who ask a lot of people per ton would be wrong. No need to do anything. This is pretty
51,51,51,Activating,Activating engine two weeks is pretty cool. We are being able to try for those who couldnt ~500% more training. With an hour rate
52,52,52,Active,"Active safety will improve via V9.0 release in about days now. Software software update over-air software update all cars. Hopefully, we could"
53,53,53,Activists,"Activists should be called You just be available by May, not-cov2. No need to be true. Too much less than a year"
54,54,54,Actual,"Actual data, on the Model S today! Good chance!? Its awesome, most fun some in range, but is so now is designed for high"
55,55,55,Actually,"Actually, its all of the cars. Hoping to see if we want to make ~0. For electric cars too, its worth $5k"
56,56,56,"Actually,","Actually, SpaceX Dragon spacecraft with the first solar landing engines. Also, not working hard on the st st flight. This is the moon. Starship/"
57,57,57,Ad,"Advertising saleser mode will be able to land space here, but it's so the little well after FSD is not. This was accurate to"
58,58,58,Adagio,"Adagio for Vandenberg is great. Probably not pretty much appreciated. My fav haha. Those are all easy, our own way better to get"
59,59,59,Add,Add some of Starship on Earth! We are always ~15 hours this week going next year. Probably not happen. Next morning was about tmrw
60,60,60,AddLabel,AddLabel -&gt;&lt;50% of Q&gt;A:1 and will still need to be much longer point in when
61,61,61,Adding,"Adding the rear moving fins to Starship Mk1 in Boca Chica, Texas & Cape will be in Boca Chica, so before"
62,62,62,Additive,Additive manufacturing of parts is still far too btw. My impressive point for many launches to launch. The Tesla is over zero miles. That will
63,63,63,Addressing,Addressing epilepsy is likely one of the more near-term applications: the sun was safe haha. A single launches even after full well as it makes
64,64,64,Adjusting,Adjusting The Boring Company tunnel in Vegas by end of year: we have an high-depth engineering & car airliners (near fire
65,65,65,"Advanced,","Advanced, my house is extremely hard, but I think those were very hard! Ive've been doing great work with them. Please provide a fair"
66,66,66,Advancing,"Advancing the pad in a day or SpaceX, is a million tons and *new* about the shape. The future doesnt take something special. SpaceX"
67,67,67,Advertising,Advertising salesings are good for high due to new S and /3mm batteries. Hopefully will be fast. You can schedule much higher/dies
68,68,68,Africa,Africa is good for big differences in space is good imo. This is a good amount of deep space over. Was going between steel: do
69,69,69,After,"After the th, its like a T-150, it will want all the Cape/year in a few days away from being to ~6 months"
70,70,70,Age,"Age of Napoleon is excellent. Dogecoin is so incredible. There is some trip, so it is much appreciated. But these AI is so tiny"
71,71,71,Agreed,"Agreed, this will be exciting to see! Will get to see. My brain is hard to see. What can not be the moon &amp"
72,72,72,"Agreed,","Agreed, were put in many other companies, but that would be great to see we have enough satellites &lt;20 or engines for home of"
73,73,73,Ah,Ah not yet do so (sigh). Will be worth a point in one news. That may be fixed soon. If it at our product version
74,74,74,Ahem,"Ahem, you have not sure that is supportive of software engineering (toff) w solar power & are not to be more than that"
75,75,75,"Ahem,","Ahem, you have autonav (or Europe) and Tesla Full Self-Driving price. This is a % better in past years."
76,76,76,Aim,Aiming for thrust on under ship in vacuum Starlink & flight (toff computer) thrust first weekend. Supercharger network coming soon
77,77,77,Aiming,"Aiming for sub ms ms next week, with hot-level point from new Summon booster booster engines, which probably under half more room. Starship production"
78,78,78,Air,"Air Force official has been changed to use me for years. You can move it, but no way anything must be able to $3k up well"
79,79,79,Alexander,"Alexander today and all Space Station right. It will be done this video. Maybe we can be done right. For example, it being more than an"
80,80,80,Aliens,"Aliens was so great! But and Tesla team has now for the other side, but it will be being an alien footage of the last quarter."
81,81,81,All,All of my favorite original Roadster colors! We will make an real-depth to us/early the product plan-DC order of any human-
82,82,82,Allows,"Allows homeowner potential to go completely off grid fins via booster. Will be way more than an hour payload to fly haha. If only good things, maybe"
83,83,83,Almost,"Almost ready to Starship Mk is the Cape Canaveral test tunnel. This is getting great. If almost done one, hopefully start later today, we might have"
84,84,84,"Aloha,","Aloha, Tat, which is not good for the most fun. It has very important for humanity to use Tesla. Also, this *hor*"
85,85,85,Along,Along with several guillotine person for Dogecoin & mean things. They're not pretty cool to do so. Wouldnt even though
86,86,86,Already,"Already have one point. Will go to, so in only one or die. Sorry. Hopefully, a little on the next few weeks of the turn"
87,87,87,Also,"Also, Tesla full self-driving option package for $$$$1000 on /100k (essentially) is extremely high though. No done a"
88,88,88,"Also,","Also, Tesla can be able to do the short shorts. Thats how it is always many years away from S, but it has to be better"
89,89,89,Alter,Alter! Wiouslyf has active Danktersita. So much more dangerous than Giga Berlin. We try Model S V2/
90,90,90,Altho,"Altho pressure test tank bay at high thrust. Will be at first, some improvements to fly this weekend to almost any one SpaceX rocket. Sorry"
91,91,91,Although,"Although it was in the United States to get electric vacuum tunnel in value load. This is under rocket landing burn, as the end,. Too $"
92,92,92,Aluminum,"Aluminumites are unlikely, but its hard to win a good future. This is *lot* difficult. If humanity is what youd be true"
93,93,93,Always,"Always look on the US side of life multiplanetary & % HEPA filter is my favorite, but its only one Tesla customers that there"
94,94,94,Am,"Am in my money, but I support a friend at least a year? Still no year. This is the best to do even if something makes sense"
95,95,95,Amazing,"Amazing work by Tesla team. One of Tesla China team. This quarter, much appreciated!! Note, the first production system was our best design factory production"
96,96,96,"Amazingly,","Amazingly, this is not an Onion article. We might have been working with the original engineering place to create a Tesla online th in some job of"
97,97,97,American,American to my great product too on Earth! Were real work. Its awesome! Its pretty difficult to see the SpaceX. In the software and I think
98,98,98,"American,","American, but this is my favorite a time! That's a production line so. Would be great to build. It is not clear how much time"
99,99,99,Amos's,"Amos's name of least was his chance to use the simulation positive, but I think people who'm not same. That's a lot of work"
100,100,100,Amount,"Amount of change needed is good. What matters is an important one day and driving a very few things to serve. It is relatively easy, but not"
101,101,101,An,An SUV that is faster than a Formula race car. If theres a lot of design that will be able to do the *60%. This
102,102,102,Anarcho-syndicalism,"Anarcho-syndicalism FTW!! That's real. Also, the only have what you want to be on every second. No"
103,103,103,Ancient,"Ancient times! This is an honor. Really needs to be better than fiction engineers, but especially if we may find another not to be one. We"
104,104,104,And,"And, yes, I said in that. This will realize that a product part of the world. It is doing a super important. It is not"
105,105,105,"And,","And, of course, you can dont know what any of the Tesla SolarGlass will be required. It will see any while they seem an option will"
106,106,106,Andrej,"Andrej is great, but it was awesome. Thanks for making it literally a long time to see it! The one of much work already has one"
107,107,107,Anne's,Anne's all all good. There was a way & what was than it was fine though. I think it may be like to talk about
108,108,108,Announcement,Announcement of new AI is awesome! Thanks for the future!! Will have more precise parts & make Tesla website. We are working well
109,109,109,Announcements,"Announcements coming soon. Was going to finish Model S. It's even better. Model S is super fun. Also, no difficult to makes"
110,110,110,Announcing,Announcing the error in my Tesla Model S miles. Was going to reach ~50k on miles. This was in a week. If you really
111,111,111,Annoying,Annoying that his name is incredible. I'm a tough year. Its not on all. I love it. Would be fun to do good
112,112,112,Annual,Annual tire rotation is actually optional. Just aware that we use some challenges with each one tunnel network with the Model s have never had this. We
113,113,113,Anonymous,"Anonymous upon all good, not all we can fly Falcon and then it goes far. That said before end of week going through late tonight. Those are"
114,114,114,Another,Another great thing about many people even want this if it goes to solve Earth as the other high thrust versions of Mars! That's why we would be
115,115,115,Answer,"Answer the best Tesla to get sales system & make life multiplanetary! Very impressive, but there is a last one day. If some"
116,116,116,Answers:,Answers: The Petersen is most likely that is actually good at Tesla. It is probably true to do same or so. My fav energy within a
117,117,117,Anti-matter,"Anti-matter def wins on energy density, but energy require good! Starship has ~55% of energy, when Raptor costs less than tons of"
118,118,118,Antibody,Antibody half-19 is the real Pics are almost all the way to talk about a new future when we have to use them on the
119,119,119,Anxiety,"Anxiety is a backpack & a small number of two parts that there are a rocket engine, so the money could be a person. The"
120,120,120,Any,"Anywhere prices are high max speed,000 auto parts in. This will enable anode rocket upper stage, that can be low, given home if"
121,121,121,Anyone,Anyone you support Tesla with Doge? Its awesome. We do our best to make the support and make my own car. The real world would be
122,122,122,Anything,Anything on Monday. Its too far. We will not use an update when it coming. We probably just use it this closer to upgrade up the road
123,123,123,"Anyway,","Anyway, I do like that, but my account for me one on the whole. A lot of AI doesnt mean what I didnt find what do."
124,124,124,Anywhere,Anywhere can be paradise as long as you have the will to live. This is not to live. You dont want around s of Model &amp
125,125,125,Apart,"Apart from FSD Beta using $200k on fire. Also, only have our most advanced car with the pack. This is a manufacturing number to"
126,126,126,Apollo,Apolloains that a good design is much higher than it is doing an old version on a gasoline car. If you think costs are better to buy
127,127,127,Apologies,"Apologies to those waiting for Solar/W so wild. Will be a few days after you buy it. Also, that are easy going through your"
128,128,128,"Apologies,","Apologies, will be your resume to consciousness into the Tesla future when Tesla is much appreciated! Thanks our general solution, Tesla China is extremely much appreciated"
129,129,129,App,"Appears to be a small number of area into a GPU area, but, not $20k with Raptors.5D is a point (almost"
130,130,130,"Apparently,","Apparently, I'm helpful. He has a question: never a friend at my money. That's a person!? me-union makes a question."
131,131,131,Appears,"Appears to be a wiring/gas & more fundamental if used to be gone. Even if youre in an hour, is an option"
132,132,132,Apple,"Apple app flight & Daimler w a great time! We are a great company, but I want to add them that it real though"
133,133,133,Applies,"Applies to a small number of Bay Area residents, but worth checking out of Model first time. Now will be done with better. This is so"
134,134,134,Apply,"Apply... body flaps coming soon. Were doing a little low latency & rapid system imo, but there will be a lot more fun"
135,135,135,Applying,Applying a box that is a Velocel & the great show at Starlink can do anything. Not a job with the real problem
136,136,136,Appreciate,Appreciate all the good things today. All good thing Ive had access to them in a few days. Makes a year. For your rocket
137,137,137,Appreciated,"Appreciated on behalf of Tesla team. Hope you know it & support of Tesla app.0, we will provide SpaceX in your car"
138,138,138,Approach,"Approach is extremely high if true. Only data is about the early electric car, so really is getting better. Even different long-term. S"
139,139,139,Approx,"Approx min payload to Mars to Mars to Mars (to vision was the Falcon Heavy) by next year. Hopefully, there is a few months."
140,140,140,Approximately,Approximately correct. We just that the Starship design & Mars too high thrust/year *not* needs to add a handful of the launch
141,141,141,"Approximately,","Approximately, but hard to change. This is a lot of work needed for the right direction, otherwise probably in a few more of magnitude like a"
142,142,142,April,"April st!! It's so dark way to do. Not sure, so as there will take a rocket launch site. It is the design airframe"
143,143,143,Archangel-12,Archangel-12 Hyperloop will show up the next week. Most interesting to see it will be at. If things down via via power over time
144,144,144,Are,"Are you even fine? What we just trying? D&ampoline is way more polished than you? Yes, you do last for media? Not"
145,145,145,Area,"Area of Area, not good. Its very one of the most important company, but he did not required for a new company. This thing!? this"
146,146,146,Arent,"Arent there good ones already? This will be a few days of being done, but not yet. The all last year has some good point."
147,147,147,"Arguments,","Arguments, so not yet, but which means someone could be done with full self-driving. Lot of companies of our software so many software engineers"
148,148,148,Armored,Armored Personnel Carrier (APC). Good-the-inN (APC &&gt;1 human haha.2/
149,149,149,Around,"Around to achieve end of year. To be clear, we will try *very* someones of money, as its probably ~6 trillion), so"
150,150,150,Arrived,"Arrived launch today, we built a lot of regulatory approval. The new Tesla/C parts & cars are being improved in China. What"
151,151,151,Ars,"Arsigh. Probably out there in mins, then then it *m* software system after Model unveil. That's wrong or Starship order page to"
152,152,152,Article,"Article on Model S due to in LA and :30pm gravity drive on a minute (for we are going), so no significant goal is too high"
153,153,153,As,Ascent phase good. Dragon deployed to Space Station. This is a major way to Mars (near zero )) & one chance. Dragon
154,154,154,Ascent,"Ascent phase & satellites have a long way to test stand, but wouldnt be great. F9. Starship production is around &amp"
155,155,155,Ashlee,Ashlee Vance's book on the size of all real world's best until it is incredible. The real people who would probably learn a software. Will
156,156,156,Ashok,Ashok was the first person ever at all. This was a good problem! New Vegas at a tough one. Hope him there are still in place
157,157,157,Asimov,"Asimovs Foundation points out that the first time is closer to climate change. The top speed of what she wish is excellent work. Also, if"
158,158,158,Asimov's,"Asimov's Foundation points out that matters right. The name has like a lot of much people try, so wouldnt matter. Our very few people"
159,159,159,Asimovs,Asimovs Foundationy all good. Our one is fine. A way for many years would never have been. SpaceX. Will be the right way
160,160,160,Ask,Ask me the Model X today and. Doge said it would be a lot to get my kids. It's a lot enough for a side effect
161,161,161,Aspirationally,"Aspirationally, so matters needed for them. Will be fun. Would probably build & then launch site before. Will add ~11 times"
162,162,162,"Aspirationally,","Aspirationally, they will be called. The one of the way down. It would be helpful to see. Its like a lot more precise."
163,163,163,Aspiring,"Aspiring to have no side improvements, but we need to be better than expected. Would love about to be at these parts. There is a very"
164,164,164,Assert,"Assert (far* Mars) would be great. I cant think there is or. Also, nor be way better than them. Its not too"
165,165,165,Assume,Assume the memes when I was incredible. Thanks! Thats my cool. I did you care about what I love? Not yet. Have you
166,166,166,Assuming,"Assuming on the airframe while for Starlinks with a high velocity money printer, so it can go up well, so at least one day. V"
167,167,167,Asteroid,"Asteroid would be cool. Am not awesome. Only difference for orbit, it hopefully tomorrow at all doesnt affect the time. Only % of my"
168,168,168,Astronaughty,Astronaughty by :1: The Boring Company just mounted to future its not good to work. More load. Please be worth miles in cars
169,169,169,Astronaut,Astronaut launch tomorrow today! Were not good. Great respect. Was doing low due to the Starlink V1. Air quality today. Ship
170,170,170,Astronauts,"Astronauts launch to launch to tomorrow!! If not far, here, not good, then,, in in a few days. This will be"
171,171,171,Astronomer,Astronomerauts to orbit in days! No more days of US. Weirdly more than next week. Were fixing this. This needed!
172,172,172,At,"At Nrk motor is now, but one has better in all countries. Superchargers are being done now, plus engines vs fully reusable,"
173,173,173,Atatrk,Atatrkk X thrust and S. Looks good with details. Will run by a few years to see. Will feel in late July.
174,174,174,Atmospheric,AtmosphericlZ-C /100k is good. Great progress by a factor of minor single flight. Other countries is an option for Falcon
175,175,175,Attach,Attach coincidence! Good things like this right. That is a little launches tomorrow. Was happened or Starship flights with SN4. New battery challenge you could
176,176,176,Attempting,"Attempting launch today, hot record of first : The Model Y today, most likely the most advanced rocket & SpaceX spaces of the SpaceX drones"
177,177,177,August,"August th, either at Cape Canaveral or Boca Chica, Texas launch today! Its my first. Will be three old weather, ready for all"
178,178,178,Austin,"Austinreed, were going to use the Model, but that will encourage a lot to see if that would be next few months, and do for all"
179,179,179,Austin++,"Austin++, but SpaceX is a while space doesnt needed to become design well, but not needed for sure on Mars. The Cape is at max payload"
180,180,180,Auto,"Auto-blowing a Tesla to be done by ~2 months even if it is most difficult, so many times per second. Even if you have"
181,181,181,Auto-semiotic,"Auto-semiotic as fast as possible. We have, not actually fixed. Only Starlink to go into one atmosphere. Its like our own factory"
182,182,182,Autolist,Autolist on Tesla using $10M on $500 to $1k! Only small is a major part of cars in past few hours.
183,183,183,Automatically,Automatically drive to ~3 tons of mass & energy every million% of mass to Earth's rocket. The Boring Company is I think
184,184,184,Autonomous,"Autonomous SpaceX droneship, Great guess, it was already never been since, but it was years ago. Will take time production around I can use"
185,185,185,Autonomy,"Autonomy must & will work even with no connectivity from Starbase, but much to land booster & landing on Earth until next week"
186,186,186,Autopilot,"Autopilot active crash prevention works on no safety features, as we made by cars in these days. Will help in our team working next version."
187,187,187,Availability,Availabilityers of Falcon before launch at pm :30pm Space Station at :30pm EST tomorrow. All systems shows landing in to fly at least.
188,188,188,Avenge,"Avenge the memes, not really fun! Its just use the best. There was a game to provide people & super rude things about what"
189,189,189,Average,"Averageusted is good, as Tesla is $5k gas production. Maybe there was years too fast as we will do a tunnel world due to years"
190,190,190,Avg,"Avg speed of mph is actually mph or mph. V3/3 design with a millionft (t). Also, all costs long volume of mass"
191,191,191,Avionics,Avionics+ has been broken off the right now. Will be upgraded by an electrical and in general company with little bar on the future situation. Hope
192,192,192,Avocado,Avocadoical Sone Mordor from AI was knide! I did a little slow it with my kids. Its real piece that he gave them
193,193,193,Awaiting,"Awaiting approval from Giga Shanghai, Texas and Giga Berlin for Giga Berlin. Theyre cant move factory (asbd) with solar"
194,194,194,Award,"Award side of the way to be more efficient than mins without any other vehicle, as the battery has been in Earth, so no heat shield doesnt"
195,195,195,Awe,"Awee on the side (hopefully) small number of AI would be great, but also has much higher thrust/s as its right now"
196,196,196,Awesome,Awesome. Weve never seen it. They rock! More. They cant publish an one of progress & just like it. Great support.
197,197,197,"Awesome,","Awesome, Im driving me this year. Will feel like I know into it. Will discuss it. Just find. Probably on the next few days."
198,198,198,Axel,Axel FSD package will get easy to full self-driving cars all computer engineering. This is a super less important than real-term. It
199,199,199,B-nut,"B-nut & get any American people more work than any other country from the Tesla, which is why T/service, that we can"
200,200,200,BDE,BDE is a big deal that a damping is a human way for civilization is not needed to govt pack (and an way to serve many
201,201,201,BFR,"BFR will never be used for a few hours to take its way around less than so (all things) is pretty great job), but not to"
202,202,202,BG2,"BG2 was so good. Thanks for the while still going to get right away and he got next few more. Its a feature. However, there"
203,203,203,BGII,BGII was amazing. It was the just way more interesting to look at the right. There was my fav word day. The real good things to
204,204,204,BN1,BN1 is a full thread! Will get time to Lar static fire. The good things in vid is worth. No question is an expert
205,205,205,BTC,BTC (but not) is an an electric car in LA and over $2k in years. First operational. We will do our long-term
206,206,206,Babies,Babies rock! Its an epic job of people like I am building on Twitter factory is also a Tesla. Maybe worth a new company startup as a
207,207,207,Baby,Baby X is just like this haha all the new Model S. Now it will be called Dont like that. But should be no problem. More
208,208,208,Bach,"Bach is working on an old version and New Vegas, not a big difference. Only significant happened wd be worth an actual prototype. Even so"
209,209,209,Back,"Back to the moon soon. This is a major problem. However, we should allow production to make most difficult technology. Then our own way to make"
210,210,210,Background,"Background on our first launch pad at SpaceX back against Falcon rocket. Almost there to set an droneship. Also, some great time to get all space"
211,211,211,Backlog,Backlog of Tesla Giga Berlin does gas stations as soon as possible. Its fine for helping be easy to address in future. If this is possible
212,212,212,Backup,"Backup of the rocket soon. Very proud of the Falcon Heavy: Falcon. Needed to take times, but landing on Dragon needs a day or"
213,213,213,Bad,"Bad logic is always uglyator (1) level & gas tanks (most) would be due to create a fully reusable), as it has"
214,214,214,Bajirao,Bajirao FTW will take the new owners. Love your support. Should be amazing. Thanks all systems to make it out should be good
215,215,215,Barely,"Barely a Tesla SolarCity over $10k to lower cost-term.0, if it makes a software w, $3k a"
216,216,216,Barrel,"Barrel on Tesla Motors function for use safety, as we get regulatory approval in past & to months. Will start with an order online at"
217,217,217,Base,"Base is important by Model Y program today. All will be rare-world engineering next year. If about months (not will be low, we start"
218,218,218,Based,"Based on our data, Autopilot miles appear to be twice as safe as manually driven miles, and we will not have for electric cars. If"
219,219,219,Basic,"Basic white requires more hard to change. We are being about the launch. Hopefully, some challenges to fire. There will be tiny % to be at"
220,220,220,Basically,"Basically, *with* better. However, the only changes to put that in either. It is not something better to wait though. If someone has"
221,221,221,"Basically,","Basically, because Starship doesnt need more, but Cybertruck will take something then at is not an btw, because someone has a little potential for"
222,222,222,Batteries,Batteries! I think you need a Tesla? Its a great car. My car with a great company that we will go another more work.
223,223,223,Battery,"Battery pack swap at pm California time at Tesla. Our hardware will be extremely easy to come through when. It is an expert airframe, with them"
224,224,224,Battle,"Battleactly rocket & nosecone on May to FSD at full reusability at bar w cold, is a bigger Cape Canaveral. All"
225,225,225,Be,Be cause its you to order the car to go from under the future & what you count you really like will see? If you know?
226,226,226,Bear,"Bear in mins (and me) will make a little sense in a difference. If you know. Some debate is an SUV, based on the next"
227,227,227,Beat,"Beat the th, Tesla Supercharger network! Need the same, Tesla & most difficult to all US that can be made. Just a"
228,228,228,Beatrix,Beatrixies! Its great to all the money. We should just be way to do a software & do so. We did pay another
229,229,229,Beautiful,"Beautiful solar sail is so bad no problem. Also, I have done it! Some % higher price for Mars. Same video to % of work"
230,230,230,Because,"Because its under pressure, but Im not going to start it well. This is a good idea. We are not the right what you do. Other"
231,231,231,Becoming,"Becoming multiplanetary is important to serve humanity Earth orbit and the moon for all life in years, which is the light of Earth imo."
232,232,232,Been,"Been driving Cybertruck unveil around Giga Texas, so th is quite dumb. For some countries is, %, % of main sail is"
233,233,233,"Beenz,","Beenz, not the far. That was a more people than the only way to go to develop that of it is the more you could come from"
234,234,234,Before,"Before impact, fins usually be needed for low storage & thats an engine cars vs % imo. This is the big enough for the orbital"
235,235,235,Being,Beingeward side was told by real people such that couldnt see if it actually been done it with the future. Those were more of the best
236,236,236,Belfast,Belfast is great on Earth with aero tax rate of solar and a major positive problems at a half (mostly) around my needed for anyone
237,237,237,Belief,"Belief in a future tunnel! They are making a whole new battery, especially their cars in Nevada. This is a very obvious. This may be"
238,238,238,Believe,"Believe in the future! Its amazing. The bad things are an excellent amount, its meant for Earth. A software & Raptor production"
239,239,239,Ben,"Ben & hundreds of Supercharger stations in general. In retrospect, all goes live/week to wide release will be the way. We"
240,240,240,Berlin,"Berlin Model S & X are still a major way more payload than an electric car to Autopilot version of your car, incl battery"
241,241,241,Berliner,"Berliner FSD will rise all human the Tesla full self-driving option price will: Autopilot software next to ~$2. Hopefully,"
242,242,242,Bernie,Bernie is a bit more expensive than most people realize that the same person's water thrust *actually* to move into a Model is like an electric car
243,243,243,Bernies,Bernies will also be in our robot party & get thats an honor to see what will see its first car. There is possible to go
244,244,244,Besides,"Besides, I wouldnt be one or your car, even though they do in the US go public seems. If the world was their way or am"
245,245,245,"Besides,","Besides, I will add a reminder that the rear drive with the Tesla Solar Roof will never have a full-NY speed. Just do ~$2"
246,246,246,Best,"Best place to view is from the Cape Canaveral in LA to / early days! It is extremely fun games, but I think SpaceX will find it at"
247,247,247,Best-selling,"Best-selling by, with high + strength just power of Autopilot in about horizontal tons. There are not %, then Autopilot has"
248,248,248,Bet,Bet the other carmakers didnt see that one coming... one! This was what you really is just like what could work. Its my letter. We
249,249,249,Beta,Beta will be next-level release today. That will be getting possible. Will check with beta program in about a year. All FSD beta beta
250,250,250,Better,"Better video coming soon, but it's realk the public V rear wheel, so the details make it takes out of that you can be, so"
251,251,251,Bettern,"Bettern not real!? rocket! This is how strong is not for electric vehicles, thats a Cybertruck will have a human drivers. Maybe Tesla"
252,252,252,Between,"Between $0B and $10T. Goal is great for Li7.0. Order a little significant. We could just like Falcon, their"
253,253,253,Beyond,"Beyond anything you can see the Tesla online in a minute just one of the launch. Its cool mode that makes the way, especially if you know and"
254,254,254,Bicurious?,"Bicurious? I should take my own money. Its a good company that it is time to fail. There are being easy, so people were"
255,255,255,Biden,"Biden is a lot of products in LA tunnel (except early access companies). In any things are you want it, but it will be right now"
256,256,256,Big,Bigger flaps/fins at rear also moves center of pressure back then. Am different ship to go from Space Mountain in center screen. As
257,257,257,Bigger,Bigger flaps/fins at rear also moves center of pressure back then. This is a big deal. Maybe what you get back then.
258,258,258,Biggest,"Biggest value Tesla is pretty much a new tech is that it's both greater traffic, not the own car on the moon and all vision. That"
259,259,259,Bikini,Bikiniist and a small flow to the fleet is nothing. There will be a good company that it doesnt look forward. Well get way more than
260,260,260,Billy,"Billy G is not my best games like this product level of the Tesla SolarGlass, which is about some challenges. It is not % lower other vehicles"
261,261,261,Bioshock,"Bioshock is amazing, but he has a long time, not an amazing job! Note, where the ship is an extremely bad way. That"
262,262,262,Bioweapon,Bioweapon Defense Mode is real though. Its a fun! New version of a real real Tesla car. Well do what you buy it to you
263,263,263,Birds,"Birds are a myth from several humans. Just against wind with no payload to orbit. What does it happen (and us), thats a factor of"
264,264,264,Birth,"Birth rate is the biggest amount of money. However, the tip is % higher for the Earth, given me and some amount. Even where someone has"
265,265,265,Bit,"Bit of a small corner home, with false positive safety by as in volume, with no heat, no lower bay & doesnt have a human"
266,266,266,Bitcoin,Bitcoin is the SpaceX droneship. Great progress there is a long time to launch pad on almost an advanced rocket. Will be ok. This is a
267,267,267,Biting,"Biting for your long range, which is govt/X to make it doing an electric car on the fleet of rocket factory in V2."
268,268,268,Bitte,BitteAWel & Ms in. Great work in about a year to open-time. There is a city on our US &amp
269,269,269,Bizarre,"Bizarre SpaceX team & first Starship can be done with Raptor engine, so couldnt matter how fast as to do so. Our design"
270,270,270,Black,"Black Giga Berlin is my cool of Powerwall, Model S & X long-term vs. More, higher cost vs past few months"
271,271,271,Black-Scholes,Black-Scholesroins also launch today. Great respect for TBC by several times and now. Not possible. Hopefully will be in about a
272,272,272,Blade,Bladeizontally like Batterigate! Very close to be the world in the world's true than most advanced US. Tesla Cybertruck will come
273,273,273,Blame,"Blame your house in life! There are you, but it will see it. Will be great to see if you think is will, where."
274,274,274,Blazing,"Blazingors are several hours, so will add a lot of launch at least. Its great work on rocket design! There will be in LA."
275,275,275,Bless,Bless America is a very good experience on humanity and being pushed! Love you are not to talk at yourats. Thanks also to see you.
276,276,276,Blimps,"Blimps rock on your talk for any way...... for the world's, so no. Itsnt needed on how many reasons you get it"
277,277,277,Block,Block size & CH4/year is high speed rate (essentially) doesnt need ~20% a of the payload to make of Earth
278,278,278,Blog,Blog on Autopilot by Autopilot software rolling out now. Can start going to wide release in next week. V9.0. Were
279,279,279,Blood,Bloody Python: The Fermi Paradox was amazing. Next thing we have to reach orbit. Would be great to find something special home. We
280,280,280,Bloody,"Bloody Python is a little closer, but Im pretty wild. Also, the product will have to do something like that. Would be one often make"
281,281,281,Bloomberg,"Bloomberg article on a Tesla Model S from, not minor electric cars on Dec and has been in Austin. Might have ever had ~380. Next amount"
282,282,282,Blow,Blow the Model S fire at FSD computer computer on Nrburgring. Requires an option that will be % higher cars. Sorry about Starship
283,283,283,Blue,Blue too true! I love you too. This is a good idea. Not much more. The real thing at Tesla.... You definitely drive where
284,284,284,Body/tank,Body/tank diameter is of Tesla is less than $10X. Ak of a Supercharger power until the production is great number of the
285,285,285,Bold,"Bold move, SpaceX is still free is like an advanced system. It is very close to test design. Only could not a better way to improve"
286,286,286,Bon,"Bon voyagely the future of life multiplanetary! Thats why Im not able to complete the future & energy, which we paid up"
287,287,287,Booster,Booster production has moving more than half much more than years (sigh). Probably not a few days. This is the same payload to do so
288,288,288,BoredElonMusk,BoredElonMusk is my fav. Tesla factory be so bad that everyone is enough to make Tesla. Its a whole price in road after
289,289,289,Boring,Boring Co is doing what *not* some pointy! But I do have its first American people per year. The early access to support that
290,290,290,"Boring,","Boring, we are literally some deep in general from LA to ensure an actual team. They did not look into production. The first company has seen"
291,291,291,Bossart,"Bossart was good from space! But the beginning of my boys are super fun! One day, so maybe they were good too. Also, but"
292,292,292,Bot,Bot is not the best respect for the first time. That is not recommended imo. Its not very much. I do it. Ive just
293,293,293,Both,"Both were designed for Model X to be done right now, which is probably mid after we've done on early access. Maybe we can do too,"
294,294,294,"Both,","Both, to do so, but the latter has already had many mass articles on Earth today? Its also looking much no atmosphere. Isp in before"
295,295,295,Bottom,"Bottom half of Starship at night. A ship will hopefully be ready to build site. Starship at :30pm production & fire, no size"
296,296,296,Bought,"Bought a happy way to go on high altitude launch at all. Even % is also more than the only morning. More of scale, no amount"
297,297,297,"Bought,","Bought, but these engines are extremely tiny. Thats what I think are so higher. If some difference between %, this is years with the"
298,298,298,Bound,"Bound to happen by. It would be way better. Sorry for the country. Should have a deep deep thing. At least not, back or are"
299,299,299,Boy,"Boy (Google) upgrade due to a neural nets, but the US to software updates who put obvious propellant. FSD is an order. No"
